rpoB.3003283.NC_000962.3.759806-763325.8799	1	1	H445L	.	b'Point mutations that occurs in Mycobacterium tuberculosis rpoB resulting in resistance to rifampicin.'
rpoB.3003283.NC_000962.3.759806-763325.8799	1	1	H445Y	.	b'Point mutations that occurs in Mycobacterium tuberculosis rpoB resulting in resistance to rifampicin.'
rpoB.3003283.NC_000962.3.759806-763325.8799	1	1	S450W	.	b'Point mutations that occurs in Mycobacterium tuberculosis rpoB resulting in resistance to rifampicin.'
rpoB.3003283.NC_000962.3.759806-763325.8799	1	1	D435F	.	b'Point mutations that occurs in Mycobacterium tuberculosis rpoB resulting in resistance to rifampicin.'
rpoB.3003283.NC_000962.3.759806-763325.8799	1	1	S441Q	.	b'Point mutations that occurs in Mycobacterium tuberculosis rpoB resulting in resistance to rifampicin.'
rpoB.3003283.NC_000962.3.759806-763325.8799	1	1	Q432P	.	b'Point mutations that occurs in Mycobacterium tuberculosis rpoB resulting in resistance to rifampicin.'
rpoB.3003283.NC_000962.3.759806-763325.8799	1	1	D435Var	.	b'Point mutations that occurs in Mycobacterium tuberculosis rpoB resulting in resistance to rifampicin.'
rpoB.3003283.NC_000962.3.759806-763325.8799	1	1	D435Y	.	b'Point mutations that occurs in Mycobacterium tuberculosis rpoB resulting in resistance to rifampicin.'
rpoB.3003283.NC_000962.3.759806-763325.8799	1	1	Q432K	.	b'Point mutations that occurs in Mycobacterium tuberculosis rpoB resulting in resistance to rifampicin.'
rpoB.3003283.NC_000962.3.759806-763325.8799	1	1	V170F	.	b'Point mutations that occurs in Mycobacterium tuberculosis rpoB resulting in resistance to rifampicin.'
rpoB.3003283.NC_000962.3.759806-763325.8799	1	1	H445R	.	b'Point mutations that occurs in Mycobacterium tuberculosis rpoB resulting in resistance to rifampicin.'
rpoB.3003283.NC_000962.3.759806-763325.8799	1	1	L430P	.	b'Point mutations that occurs in Mycobacterium tuberculosis rpoB resulting in resistance to rifampicin.'
rpoB.3003283.NC_000962.3.759806-763325.8799	1	1	H445D	.	b'Point mutations that occurs in Mycobacterium tuberculosis rpoB resulting in resistance to rifampicin.'
rpoB.3003283.NC_000962.3.759806-763325.8799	1	1	Q432L	.	b'Point mutations that occurs in Mycobacterium tuberculosis rpoB resulting in resistance to rifampicin.'
rpoB.3003283.NC_000962.3.759806-763325.8799	1	1	H445C	.	b'Point mutations that occurs in Mycobacterium tuberculosis rpoB resulting in resistance to rifampicin.'
rpoB.3003283.NC_000962.3.759806-763325.8799	1	1	S450F	.	b'Point mutations that occurs in Mycobacterium tuberculosis rpoB resulting in resistance to rifampicin.'
rpoB.3003283.NC_000962.3.759806-763325.8799	1	1	I491F	.	b'Point mutations that occurs in Mycobacterium tuberculosis rpoB resulting in resistance to rifampicin.'
rpoB.3003283.NC_000962.3.759806-763325.8799	1	1	H445N	.	b'Point mutations that occurs in Mycobacterium tuberculosis rpoB resulting in resistance to rifampicin.'
rpoB.3003283.NC_000962.3.759806-763325.8799	1	1	S450Y	.	b'Point mutations that occurs in Mycobacterium tuberculosis rpoB resulting in resistance to rifampicin.'
rpoB.3003283.NC_000962.3.759806-763325.8799	1	1	S441L	.	b'Point mutations that occurs in Mycobacterium tuberculosis rpoB resulting in resistance to rifampicin.'
rpoB.3003283.NC_000962.3.759806-763325.8799	1	1	D435V	.	b'Point mutations that occurs in Mycobacterium tuberculosis rpoB resulting in resistance to rifampicin.'
rpoB.3003283.NC_000962.3.759806-763325.8799	1	1	L452P	.	b'Point mutations that occurs in Mycobacterium tuberculosis rpoB resulting in resistance to rifampicin.'
rpoB.3003283.NC_000962.3.759806-763325.8799	1	1	S450L	.	b'Point mutations that occurs in Mycobacterium tuberculosis rpoB resulting in resistance to rifampicin.'
rpoB.3003283.NC_000962.3.759806-763325.8799	1	1	H445S	.	b'Point mutations that occurs in Mycobacterium tuberculosis rpoB resulting in resistance to rifampicin.'
